{
    "degreesToRadians": 0.01745329,
    "radiansToDegrees": 57.29578
}
